{"cameraMode":{"drawMode":0,"name":"Shaded","section":"Shading Mode"},"sceneLighting":false,"audioPlay":false,"sceneViewState":{"showFog":true,"showMaterialUpdate":false,"showSkybox":true,"showFlares":true,"showImageEffects":true,"showParticleSystems":true},"in2DMode":false,"pivot":{"x":-5.960464477539063e-8,"y":0.5453696250915527,"z":-0.00440157949924469},"rotation":{"x":-0.31909510493278506,"y":-0.17826639115810395,"z":0.0612453855574131,"w":-0.9287887215614319},"size":2.168510675430298,"orthographic":false}