{"cameraMode":{"drawMode":0,"name":"Shaded","section":"Shading Mode"},"sceneLighting":false,"audioPlay":false,"sceneViewState":{"showFog":true,"showMaterialUpdate":false,"showSkybox":true,"showFlares":true,"showImageEffects":true,"showParticleSystems":true},"in2DMode":false,"pivot":{"x":0.0006499886512756348,"y":0.2887499928474426,"z":0.26429998874664309},"rotation":{"x":0.14710833132266999,"y":0.8482757210731506,"z":-0.4044838845729828,"w":0.30851298570632937},"size":1.9108500480651856,"orthographic":false}