{"cameraMode":{"drawMode":0,"name":"Shaded","section":"Shading Mode"},"sceneLighting":false,"audioPlay":false,"sceneViewState":{"showFog":true,"showMaterialUpdate":false,"showSkybox":true,"showFlares":true,"showImageEffects":true,"showParticleSystems":true},"in2DMode":false,"pivot":{"x":0.004200011491775513,"y":0.12520000338554383,"z":0.0024499893188476564},"rotation":{"x":0.04344331473112106,"y":0.9289265275001526,"z":-0.3490583300590515,"w":0.11561363935470581},"size":0.8742272257804871,"orthographic":false}