{"cameraMode":{"drawMode":0,"name":"Shaded","section":"Shading Mode"},"sceneLighting":false,"audioPlay":false,"sceneViewState":{"showFog":true,"showMaterialUpdate":false,"showSkybox":true,"showFlares":true,"showImageEffects":true,"showParticleSystems":true},"in2DMode":false,"pivot":{"x":-0.006850004196166992,"y":0.32739999890327456,"z":-0.05625000596046448},"rotation":{"x":0.04344331473112106,"y":0.9289265275001526,"z":-0.3490583300590515,"w":0.11561363935470581},"size":1.7639563083648682,"orthographic":false}