{"cameraMode":{"drawMode":0,"name":"Shaded","section":"Shading Mode"},"sceneLighting":false,"audioPlay":false,"sceneViewState":{"showFog":true,"showMaterialUpdate":false,"showSkybox":true,"showFlares":true,"showImageEffects":true,"showParticleSystems":true},"in2DMode":false,"pivot":{"x":-9.59000015258789,"y":1.0299999713897706,"z":-1.869999885559082},"rotation":{"x":-0.3709530532360077,"y":-0.09010770171880722,"z":0.036192845553159717,"w":-0.9235607981681824},"size":10.002593040466309,"orthographic":false}