{"cameraMode":{"drawMode":0,"name":"Shaded","section":"Shading Mode"},"sceneLighting":false,"audioPlay":false,"sceneViewState":{"showFog":true,"showMaterialUpdate":false,"showSkybox":true,"showFlares":true,"showImageEffects":true,"showParticleSystems":true},"in2DMode":false,"pivot":{"x":0.0013256072998046876,"y":14.762020111083985,"z":0.030809402465820314},"rotation":{"x":-0.16410166025161744,"y":0.11445315927267075,"z":-0.01916954480111599,"w":-0.9795936346054077},"size":99.10494232177735,"orthographic":false}