{"cameraMode":{"drawMode":0,"name":"Shaded","section":"Shading Mode"},"sceneLighting":false,"audioPlay":false,"sceneViewState":{"showFog":true,"showMaterialUpdate":false,"showSkybox":true,"showFlares":true,"showImageEffects":true,"showParticleSystems":true},"in2DMode":false,"pivot":{"x":0.007299989461898804,"y":0.24990001320838929,"z":-0.0109499990940094},"rotation":{"x":0.1175057590007782,"y":0.8691386580467224,"z":-0.4112356901168823,"w":0.24834568798542024},"size":1.3028194904327393,"orthographic":false}